1,abc,a rama,2019-11-26 00:00:00.0
2,def,s sridhar,2019-11-26 00:00:00.0
3,ghi,vvs laxman,2019-11-26 00:00:00.0
4,jkl,s ganguly,2019-11-26 00:00:00.0
5,mno,hc verma,2019-11-26 00:00:00.0
1,abc,a rama,2019-11-26 00:00:00.0
2,def,s sridhar,2019-11-26 00:00:00.0
3,ghi,vvs laxman,2019-11-26 00:00:00.0
4,jkl,s ganguly,2019-11-26 00:00:00.0
5,mno,hc verma,2019-11-26 00:00:00.0
6,dummy,dummy,2019-11-14 00:00:00.0
1,abc,a rama,2019-11-26 00:00:00.0
3,ghi,vvs laxman,2019-11-26 00:00:00.0
5,mno,m banerjee,2019-11-26 00:00:00.0
6,dummy,dummy,2019-11-14 00:00:00.0
